{"cameraMode":{"drawMode":0,"name":"Shaded","section":"Shading Mode"},"sceneLighting":true,"audioPlay":false,"sceneViewState":{"m_AlwaysRefresh":false,"showFog":true,"showSkybox":true,"showFlares":true,"showImageEffects":true,"showParticleSystems":true,"showVisualEffectGraphs":true,"m_FxEnabled":true},"in2DMode":false,"pivot":{"x":27.66919708251953,"y":0.9084872007369995,"z":31.569454193115236},"rotation":{"x":-0.005860441364347935,"y":-0.3695904314517975,"z":0.0023403780069202186,"w":-0.9291486740112305},"size":24.786725997924806,"orthographic":false}