{"cameraMode":{"drawMode":0,"name":"Shaded","section":"Shading Mode"},"sceneLighting":true,"audioPlay":false,"sceneViewState":{"m_AlwaysRefresh":false,"showFog":true,"showSkybox":true,"showFlares":true,"showImageEffects":true,"showParticleSystems":true,"showVisualEffectGraphs":true,"m_FxEnabled":true},"in2DMode":false,"pivot":{"x":-0.20721006393432618,"y":10.114357948303223,"z":-3.1908650398254396},"rotation":{"x":-0.12439531832933426,"y":-0.357986718416214,"z":0.04820368066430092,"w":-0.9241148829460144},"size":3.9472639560699465,"orthographic":false}